Cluster_1,Cluster_2
0.6370274865892206,0.8277332888799994
0.7608379185999932,0.605743689033321
0.8096821862158502,0.48811651884088414
0.7524273602413812,0.3839452957407698
0.5731478077329716,0.15616297852455083
0.07938968211159926,0.08205357198417614
0.12282876975692267,0.8418771497048471
